index,output
501,"0,56"
502,"0,54"
503,"0,58"
504,"0,68"
505,"0,26"
506,"0,6"
507,"0,2"
508,"0,62"
509,"0,62"
510,"0,72"
511,"0,08"
512,"0,14"
513,"0,68"
514,"0,52"
515,"0,16"
516,"0,84"
517,"0,48"
518,"0,88"
519,"0,68"
520,"0,56"
521,"0,2"
522,"0,7"
523,"0,6"
524,"0,6"
525,"0,5"
526,"0,48"
527,"0,84"
528,"0,84"
529,"0,56"
530,"0,36"
531,"0,38"
532,"0,78"
533,"0,52"
534,"0,42"
535,"0,82"
536,"0,42"
537,"0,18"
538,"0,42"
539,"0,68"
540,"0,8"
541,"0,48"
542,"0,82"
543,"0,58"
544,"0,76"
545,"0,04"
546,"0,24"
547,"0,2"
548,"0,72"
549,"0,56"
550,"0,72"
551,"0,44"
552,"0,48"
553,"0,74"
554,"0,68"
555,"0,28"
556,"0,42"
557,"0,44"
558,"0,26"
559,"0,16"
560,"0,18"
561,"0,16"
562,"0,3"
563,"0,16"
564,"0,72"
565,"0,6"
566,"0,78"
567,"0,86"
568,"0,46"
569,"0,5"
570,"0,14"
571,"0,46"
572,"0,24"
573,"0,94"
574,"0,34"
575,"0,64"
576,"0,44"
577,"0,66"
578,"0,64"
579,"0,3"
580,"0,44"
581,"0,18"
582,"0,44"
583,"0,74"
584,"0,42"
585,"0,76"
586,"0,14"
587,"0,38"
588,"0,72"
589,"0,46"
590,"0,74"
591,"0,26"
592,"0,7"
593,"0,3"
594,"0,1"
595,"0,42"
596,"0,26"
597,"0,4"
598,"0,42"
599,"0,66"
600,"0,7"
601,"0,32"
602,"0,08"
603,"0,7"
604,"0,6"
605,"0,1"
606,"0,54"
607,"0,58"
608,"0,48"
609,"0,18"
610,"0,2"
611,"0,4"
612,"0,32"
613,"0,86"
614,"0,1"
615,"0,04"
616,"0,6"
617,"0,14"
618,"0,64"
619,"0,38"
620,"0,88"
621,"0,12"
622,"0,34"
623,"0,26"
624,"0,84"
625,"0,16"
626,"0,8"
627,"0,58"
628,"0,64"
629,"0,5"
630,"0,64"
631,"0,56"
632,"0,44"
633,"0,54"
634,"0,68"
635,"0,68"
636,"0,38"
637,"0,16"
638,"0,88"
639,"0,62"
640,"0,4"
641,"0,68"
642,"0,8"
643,"0,7"
644,"0,22"
645,"0,4"
646,"0,38"
647,"0,54"
648,"0,42"
649,"0,1"
650,"0,9"
651,"0,56"
652,"0,5"
653,"0,52"
654,"0,58"
655,"0,82"
656,"0,26"
657,"0,44"
658,"0,34"
659,"0,68"
660,"0,64"
661,"0,74"
662,"0,18"
663,"0,66"
664,"0,3"
665,"0,8"
666,"0,74"
667,"0,34"
668,"0,36"
669,"0,76"
670,"0,56"
671,"0,3"
672,"0,12"
673,"0,72"
674,"0,32"
675,"0,8"
676,"0,58"
677,"0,22"
678,"0,86"
679,"0,72"
680,"0,42"
681,"0,5"
682,"0,5"
683,"0,68"
684,"0,24"
685,"0,42"
686,"0,6"
687,"0,54"
688,"0,1"
689,"0,5"
690,"0,44"
691,"0,36"
692,"0,46"
693,"0,34"
694,"0,2"
695,"0,7"
696,"0,26"
697,"0,38"
698,"0,5"
699,"0,26"
700,"0,32"
701,"0,18"
702,"0,52"
703,"0,78"
704,"0,66"
705,"0,82"
706,"0,4"
707,"0,22"
708,"0,8"
709,"0,3"
710,"0,7"
711,"0,24"
712,"0,84"
713,"0,64"
714,"0,56"
715,"0,44"
716,"0,16"
717,"0,42"
718,"0,24"
719,"0,62"
720,"0,72"
721,"0,7"
722,"0,8"
723,"0,5"
724,"0,54"
725,"0,12"
726,"0,74"
727,"0,56"
728,"0,5"
729,"0,22"
730,"0,5"
731,"0,5"
732,"0,3"
733,"0,3"
734,"0,58"
735,"0,16"
736,"0,26"
737,"0,54"
738,"0,9"
739,"0,18"
740,"0,26"
741,"0,66"
742,"0,86"
743,"0,4"
744,"0,28"
745,"0,88"
746,"0,44"
747,"0,44"
748,"0,7"
749,"0,62"
750,"0,6"
751,"0,2"
752,"0,5"
753,"0,44"
754,"0,48"
755,"0,28"
756,"0,36"
757,"0,18"
758,"0,18"
759,"0,12"
760,"0,66"
761,"0,8"
762,"0,58"
763,"0,3"
764,"0,5"
765,"0,38"
766,"0,76"
767,"0,44"
768,"0,52"
769,"0,14"
770,"0,48"
771,"0,76"
772,"0,18"
773,"0,64"
774,"0,72"
775,"0,92"
776,"0,28"
777,"0,38"
778,"0,84"
779,"0,74"
780,"0,8"
781,"0,54"
782,"0,58"
783,"0,36"
784,"0,48"
785,"0,14"
786,"0,58"
787,"0,18"
788,"0,74"
789,"0,68"
790,"0,42"
791,"0,4"
792,"0,84"
793,"0,1"
794,"0,32"
795,"0,12"
796,"0,3"
797,"0,66"
798,"0,66"
799,"0,66"
800,"0,68"
801,"0,92"
802,"0,6"
803,"0,76"
804,"0,9"
805,"0,22"
806,"0,48"
807,"0,22"
808,"0,24"
809,"0,18"
810,"0,58"
811,"0,3"
812,"0,28"
813,"0,46"
814,"0,82"
815,"0,3"
816,"0,66"
817,"0,52"
818,"0,32"
819,"0,2"
820,"0,82"
821,"0,5"
822,"0,76"
823,"0,42"
824,"0,84"
825,"0,5"
826,"0,28"
827,"0,88"
828,"0,4"
829,"0,42"
830,"0,34"
831,"0,72"
832,"0,62"
833,"0,38"
834,"0,26"
835,"0,34"
836,"0,14"
837,"0,18"
838,"0,7"
839,"0,26"
840,"0,16"
841,"0,62"
842,"0,28"
843,"0,32"
844,"0,34"
845,"0,38"
846,"0,72"
847,"0,32"
848,"0,18"
849,"0,34"
850,"0,52"
851,"0,34"
852,"0,58"
853,"0,66"
854,"0,24"
855,"0,26"
856,"0,48"
857,"0,3"
858,"0,3"
859,"0,26"
860,"0,9"
861,"0,34"
862,"0,16"
863,"0,28"
864,"0,38"
865,"0,48"
866,"0,72"
867,"0,48"
868,"0,2"
869,"0,26"
870,"0,22"
871,"0,82"
872,"0,26"
873,"0,3"
874,"0,32"
875,"0,5"
876,"0,64"
877,"0,5"
878,"0,6"
879,"0,7"
880,"0,26"
881,"0,5"
882,"0,3"
883,"0,56"
884,"0,36"
885,"0,26"
886,"0,68"
887,"0,52"
888,"0,76"
889,"0,68"
890,"0,62"
891,"0,26"
892,"0,88"
893,"0,84"
894,"0,4"
895,"0,64"
896,"0,82"
897,"0,22"
898,"0,64"
899,"0,86"
900,"0,7"
901,"0,26"
902,"0,18"
903,"0,72"
904,"0,42"
905,"0,34"
906,"0,8"
907,"0,68"
908,"0,2"
909,"0,44"
910,"0,22"
911,"0,76"
912,"0,46"
913,"0,64"
914,"0,12"
915,"0,54"
916,"0,66"
917,"0,74"
918,"0,6"
919,"0,32"
920,"0,6"
921,"0,6"
922,"0,34"
923,"0,92"
924,"0,42"
925,"0,82"
926,"0,86"
927,"0,44"
928,"0,76"
929,"0,9"
930,"0,48"
931,"0,22"
932,"0,48"
933,"0,16"
934,"0,36"
935,"0,78"
936,"0,1"
937,"0,5"
938,"0,68"
939,"0,28"
940,"0,68"
941,"0,02"
942,"0,3"
943,"0,88"
944,"0,84"
945,"0,14"
946,"0,64"
947,"0,36"
948,"0,2"
949,"0,52"
950,"0,64"
951,"0,32"
952,"0,8"
953,"0,9"
954,"0,54"
955,"0,7"
956,"0,64"
957,"0,48"
958,"0,34"
959,"0,28"
960,"0,7"
961,"0,52"
962,"0,68"
963,"0,68"
964,"0,6"
965,"0,14"
966,"0,34"
967,"0,2"
968,"0,18"
969,"0,36"
970,"0,18"
971,"0,16"
972,"0,38"
973,"0,44"
974,"0,34"
975,"0,68"
976,"0,16"
977,"0,64"
978,"0,38"
979,"0,52"
980,"0,44"
981,"0,3"
982,"0,28"
983,"0,26"
984,"0,62"
985,"0,54"
986,"0,54"
987,"0,12"
988,"0,62"
989,"0,44"
990,"0,88"
991,"0,18"
992,"0,72"
993,"0,8"
994,"0,22"
995,"0,7"
996,"0,6"
997,"0,56"
998,"0,36"
999,"0,38"
1000,"0,46"
1001,"0,28"
1002,"0,78"
1003,"0,22"
1004,"0,34"
1005,"0,52"
1006,"0,32"
1007,"0,28"
1008,"0,4"
1009,"0,38"
1010,"0,58"
1011,"0,78"
1012,"0,22"
1013,"0,74"
1014,"0,44"
1015,"0,5"
1016,"0,74"
1017,"0,8"
1018,"0,64"
1019,"0,18"
1020,"0,48"
1021,"0,2"
1022,"0,34"
1023,"0,76"
1024,"0,2"
1025,"0,54"
1026,"0,5"
1027,"0,2"
1028,"0,4"
1029,"0,78"
1030,"0,8"
1031,"0,42"
1032,"0,52"
1033,"0,76"
1034,"0,44"
1035,"0,64"
1036,"0,44"
1037,"0,52"
1038,"0,5"
1039,"0,7"
1040,"0,68"
1041,"0,66"
1042,"0,24"
1043,"0,6"
1044,"0,76"
1045,"0,72"
1046,"0,36"
1047,"0,8"
1048,"0,74"
1049,"0,1"
1050,"0,52"
1051,"0,14"
1052,"0,44"
1053,"0,72"
1054,"0,66"
1055,"0,8"
1056,"0,78"
1057,"0,14"
1058,"0,8"
1059,"0,68"
1060,"0,74"
1061,"0,32"
1062,"0,72"
1063,"0,26"
1064,"0,52"
1065,"0,18"
1066,"0,68"
1067,"0,1"
1068,"0,74"
1069,"0,82"
1070,"0,2"
1071,"0,7"
1072,"0,36"
1073,"0,54"
1074,"0,86"
1075,"0,56"
1076,"0,8"
1077,"0,32"
1078,"0,86"
1079,"0,22"
1080,"0,6"
1081,"0,84"
1082,"0,66"
1083,"0,54"
1084,"0,36"
1085,"0,38"
1086,"0,68"
1087,"0,9"
1088,"0,6"
1089,"0,66"
1090,"0,8"
1091,"0,14"
1092,"0,7"
1093,"0,74"
1094,"0,3"
1095,"0,56"
1096,"0,72"
1097,"0,38"
1098,"0,36"
1099,"0,58"
1100,"0,38"
1101,"0,36"
1102,"0,68"
1103,"0,28"
1104,"0,52"
1105,"0,26"
1106,"0,26"
1107,"0,92"
1108,"0,58"
1109,"0,26"
1110,"0,32"
1111,"0,48"
1112,"0,4"
1113,"0,74"
1114,"0,34"
1115,"0,48"
1116,"0,54"
1117,"0,34"
1118,"0,28"
1119,"0,62"
1120,"0,26"
1121,"0,5"
1122,"0,58"
1123,"0,08"
1124,"0,32"
1125,"0,18"
1126,"0,7"
1127,"0,28"
1128,"0,6"
1129,"0,32"
1130,"0,26"
1131,"0,7"
1132,"0,8"
1133,"0,24"
1134,"0,26"
1135,"0,16"
1136,"0,62"
1137,"0,34"
1138,"0,44"
1139,"0,86"
1140,"0,36"
1141,"0,18"
1142,"0,22"
1143,"0,56"
1144,"0,68"
1145,"0,64"
1146,"0,46"
1147,"0,14"
1148,"0,34"
1149,"0,22"
1150,"0,38"
1151,"0,28"
1152,"0,28"
1153,"0,34"
1154,"0,3"
1155,"0,72"
1156,"0,32"
1157,"0,44"
1158,"0,28"
1159,"0,44"
1160,"0,76"
1161,"0,22"
1162,"0,74"
1163,"0,84"
1164,"0,54"
1165,"0,62"
1166,"0,32"
1167,"0,36"
1168,"0,34"
1169,"0,8"
1170,"0,26"
1171,"0,66"
1172,"0,26"
1173,"0,62"
1174,"0,42"
1175,"0,82"
1176,"0,68"
1177,"0,3"
1178,"0,82"
1179,"0,4"
1180,"0,78"
1181,"0,28"
1182,"0,46"
1183,"0,2"
1184,"0,24"
1185,"0,56"
1186,"0,34"
1187,"0,8"
1188,"0,68"
1189,"0,62"
1190,"0,7"
1191,"0,94"
1192,"0,24"
1193,"0,5"
1194,"0,38"
1195,"0,32"
1196,"0,12"
1197,"0,48"
1198,"0,88"
1199,"0,3"
1200,"0,5"
1201,"0,3"
1202,"0,28"
1203,"0,18"
1204,"0,3"
1205,"0,38"
1206,"0,8"
1207,"0,3"
1208,"0,76"
1209,"0,32"
1210,"0,52"
1211,"0,34"
1212,"0,4"
1213,"0,34"
1214,"0,34"
1215,"0,56"
1216,"0,34"
1217,"0,72"
1218,"0,58"
1219,"0,38"
1220,"0,4"
1221,"0,62"
1222,"0,62"
1223,"0,16"
1224,"0,38"
1225,"0,5"
1226,"0,28"
1227,"0,76"
1228,"0,66"
1229,"0,1"
1230,"0,52"
1231,"0,34"
1232,"0,6"
1233,"0,54"
1234,"0,66"
1235,"0,64"
1236,"0,32"
1237,"0,14"
1238,"0,62"
1239,"0,7"
1240,"0,42"
1241,"0,54"
1242,"0,8"
1243,"0,4"
1244,"0,48"
1245,"0,22"
1246,"0,56"
1247,"0,58"
1248,"0,12"
1249,"0,78"
1250,"0,6"
1251,"0,4"
1252,"0,42"
1253,"0,18"
1254,"0,26"
1255,"0,64"
1256,"0,78"
1257,"0,24"
1258,"0,36"
1259,"0,56"
1260,"0,24"
1261,"0,6"
1262,"0,3"
1263,"0,68"
1264,"0,82"
1265,"0,38"
1266,"0,62"
1267,"0,78"
1268,"0,5"
1269,"0,2"
1270,"0,24"
1271,"0,8"
1272,"0,32"
1273,"0,56"
1274,"0,56"
1275,"0,78"
1276,"0,6"
1277,"0,7"
1278,"0,6"
1279,"0,32"
1280,"0,32"
1281,"0,5"
1282,"0,1"
1283,"0,36"
1284,"0,52"
1285,"0,62"
1286,"0,6"
1287,"0,2"
1288,"0,6"
1289,"0,08"
1290,"0,48"
1291,"0,48"
1292,"0,36"
1293,"0,32"
1294,"0,3"
1295,"0,56"
1296,"0,58"
1297,"0,72"
1298,"0,94"
1299,"0,64"
1300,"0,28"
1301,"0,76"
1302,"0,8"
1303,"0,42"
1304,"0,56"
1305,"0,6"
1306,"0,74"
1307,"0,5"
1308,"0,44"
1309,"0,24"
1310,"0,8"
1311,"0,64"
1312,"0,24"
1313,"0,72"
1314,"0,58"
1315,"0,78"
1316,"0,34"
1317,"0,24"
1318,"0,62"
1319,"0,66"
1320,"0,06"
1321,"0,86"
1322,"0,7"
1323,"0,36"
1324,"0,18"
1325,"0,42"
1326,"0,76"
1327,"0,18"
1328,"0,44"
1329,"0,26"
1330,"0,28"
1331,"0,82"
1332,"0,7"
1333,"0,04"
1334,"0,48"
1335,"0,74"
1336,"0,4"
1337,"0,7"
1338,"0,52"
1339,"0,62"
1340,"0,24"
1341,"0,32"
1342,"0,24"
1343,"0,18"
1344,"0,28"
1345,"0,18"
1346,"0,16"
1347,"0,62"
1348,"0,52"
1349,"0,22"
1350,"0,3"
1351,"0,1"
1352,"0,72"
1353,"0,34"
1354,"0,48"
1355,"0,4"
1356,"0,18"
1357,"0,14"
1358,"0,42"
1359,"0,5"
1360,"0,84"
1361,"0,52"
1362,"0,12"
1363,"0,64"
1364,"0,44"
1365,"0,88"
1366,"0,24"
1367,"0,28"
1368,"0,86"
1369,"0,84"
1370,"0,8"
1371,"0,8"
1372,"0,5"
1373,"0,38"
1374,"0,36"
1375,"0,3"
1376,"0,12"
1377,"0,34"
1378,"0,3"
1379,"0,24"
1380,"0,3"
1381,"0,16"
1382,"0,28"
1383,"0,74"
1384,"0,62"
1385,"0,8"
1386,"0,72"
1387,"0,28"
1388,"0,58"
1389,"0,38"
1390,"0,62"
1391,"0,22"
1392,"0,78"
1393,"0,56"
1394,"0,64"
1395,"0,44"
1396,"0,44"
1397,"0,6"
1398,"0,2"
1399,"0,66"
1400,"0,76"
1401,"0,72"
1402,"0,52"
1403,"0,7"
1404,"0,52"
1405,"0,58"
1406,"0,44"
1407,"0,16"
1408,"0,74"
1409,"0,32"
1410,"0,44"
1411,"0,22"
1412,"0,14"
1413,"0,32"
1414,"0,38"
1415,"0,52"
1416,"0,8"
1417,"0,22"
1418,"0,8"
1419,"0,58"
1420,"0,84"
1421,"0,3"
1422,"0,56"
1423,"0,46"
1424,"0,26"
1425,"0,86"
1426,"0,54"
1427,"0,34"
1428,"0,32"
1429,"0,18"
1430,"0,84"
1431,"0,52"
1432,"0,56"
1433,"0,72"
1434,"0,72"
1435,"0,7"
1436,"0,66"
1437,"0,4"
1438,"0,24"
1439,"0,62"
1440,"0,84"
1441,"0,34"
1442,"0,74"
1443,"0,7"
1444,"0,32"
1445,"0,66"
1446,"0,62"
1447,"0,3"
1448,"0,74"
1449,"0,26"
1450,"0,7"
1451,"0,14"
1452,"0,32"
1453,"0,84"
1454,"0,46"
1455,"0,88"
1456,"0,6"
1457,"0,42"
1458,"0,74"
1459,"0,68"
1460,"0,58"
1461,"0,12"
1462,"0,56"
1463,"0,68"
1464,"0,42"
1465,"0,2"
1466,"0,66"
1467,"0,52"
1468,"0,36"
1469,"0,82"
1470,"0,68"
1471,"0,18"
1472,"0,2"
1473,"0,52"
1474,"0,36"
1475,"0,2"
1476,"0,5"
1477,"0,42"
1478,"0,52"
1479,"0,58"
1480,"0,28"
1481,"0,66"
1482,"0,72"
1483,"0,68"
1484,"0,72"
1485,"0,84"
1486,"0,54"
1487,"0,26"
1488,"0,68"
1489,"0,4"
1490,"0,12"
1491,"0,36"
1492,"0,38"
1493,"0,54"
1494,"0,08"
1495,"0,44"
1496,"0,44"
1497,"0,3"
1498,"0,32"
1499,"0,62"
1500,"0,76"
1501,"0,36"
1502,"0,82"
1503,"0,2"
1504,"0,44"
1505,"0,4"
1506,"0,7"
1507,"0,48"
1508,"0,44"
1509,"0,84"
1510,"0,18"
1511,"0,42"
1512,"0,16"
1513,"0,16"
1514,"0,56"
1515,"0,14"
1516,"0,8"
1517,"0,5"
1518,"0,84"
1519,"0,46"
1520,"0,62"
1521,"0,22"
1522,"0,38"
1523,"0,5"
1524,"0,1"
1525,"0,88"
1526,"0,76"
1527,"0,28"
1528,"0,88"
1529,"0,26"
1530,"0,68"
1531,"0,56"
1532,"0,4"
1533,"0,08"
1534,"0,14"
1535,"0,26"
1536,"0,1"
1537,"0,38"
1538,"0,36"
1539,"0,68"
1540,"0,3"
1541,"0,76"
1542,"0,78"
1543,"0,7"
1544,"0,42"
1545,"0,48"
1546,"0,5"
1547,"0,58"
1548,"0,84"
1549,"0,64"
1550,"0,68"
1551,"0,6"
1552,"0,86"
1553,"0,6"
1554,"0,82"
1555,"0,48"
1556,"0,64"
1557,"0,38"
1558,"0,7"
1559,"0,64"
1560,"0,32"
1561,"0,58"
1562,"0,36"
1563,"0,52"
1564,"0,4"
1565,"0,7"
1566,"0,3"
1567,"0,72"
1568,"0,38"
1569,"0,52"
1570,"0,68"
1571,"0,74"
1572,"0,88"
1573,"0,5"
1574,"0,62"
1575,"0,2"
1576,"0,3"
1577,"0,94"
1578,"0,24"
1579,"0,22"
1580,"0,52"
1581,"0,58"
1582,"0,36"
1583,"0,56"
1584,"0,52"
1585,"0,26"
1586,"0,42"
1587,"0,16"
1588,"0,28"
1589,"0,18"
1590,"0,32"
1591,"0,4"
1592,"0,76"
1593,"0,76"
1594,"0,2"
1595,"0,6"
1596,"0,5"
1597,"0,54"
1598,"0,18"
1599,"0,48"
1600,"0,7"
1601,"0,2"
1602,"0,66"
1603,"0,24"
1604,"0,7"
1605,"0,34"
1606,"0,26"
1607,"0,08"
1608,"0,46"
1609,"0,3"
1610,"0,54"
1611,"0,74"
1612,"0,34"
1613,"0,72"
1614,"0,28"
1615,"0,32"
1616,"0,8"
1617,"0,46"
1618,"0,64"
1619,"0,52"
1620,"0,12"
1621,"0,7"
1622,"0,28"
1623,"0,44"
1624,"0,54"
1625,"0,48"
1626,"0,3"
1627,"0,54"
1628,"0,62"
1629,"0,9"
1630,"0,26"
1631,"0,26"
1632,"0,76"
1633,"0,84"
1634,"0,5"
1635,"0,62"
1636,"0,66"
1637,"0,52"
1638,"0,38"
1639,"0,44"
1640,"0,76"
1641,"0,08"
1642,"0,24"
1643,"0,46"
1644,"0,36"
1645,"0,34"
1646,"0,32"
1647,"0,78"
1648,"0,2"
1649,"0,68"
1650,"0,58"
1651,"0,14"
1652,"0,28"
1653,"0,7"
1654,"0,7"
1655,"0,72"
1656,"0,4"
1657,"0,96"
1658,"0,18"
1659,"0,66"
1660,"0,7"
1661,"0,52"
1662,"0,46"
1663,"0,38"
1664,"0,72"
1665,"0,56"
1666,"0,36"
1667,"0,22"
1668,"0,24"
1669,"0,22"
1670,"0,1"
1671,"0,66"
1672,"0,64"
1673,"0,68"
1674,"0,6"
1675,"0,46"
1676,"0,84"
1677,"0,34"
1678,"0,8"
1679,"0,1"
1680,"0,36"
1681,"0,54"
1682,"0,2"
1683,"0,44"
1684,"0,7"
1685,"0,3"
1686,"0,26"
1687,"0,68"
1688,"0,3"
1689,"0,32"
1690,"0,42"
1691,"0,1"
1692,"0,38"
1693,"0,14"
1694,"0,86"
1695,"0,58"
1696,"0,4"
1697,"0,6"
1698,"0,54"
1699,"0,5"
1700,"0,28"
1701,"0,68"
1702,"0,72"
1703,"0,56"
1704,"0,36"
1705,"0,6"
1706,"0,5"
1707,"0,3"
1708,"0,34"
1709,"0,32"
1710,"0,36"
1711,"0,5"
1712,"0,4"
1713,"0,18"
1714,"0,38"
1715,"0,68"
1716,"0,24"
1717,"0,36"
1718,"0,72"
1719,"0,62"
1720,"0,76"
1721,"0,88"
1722,"0,56"
1723,"0,1"
1724,"0,16"
1725,"0,14"
1726,"0,48"
1727,"0,48"
1728,"0,78"
1729,"0,48"
1730,"0,3"
1731,"0,24"
1732,"0,6"
1733,"0,7"
1734,"0,28"
1735,"0,16"
1736,"0,44"
1737,"0,2"
1738,"0,26"
1739,"0,34"
1740,"0,4"
1741,"0,4"
1742,"0,08"
1743,"0,4"
1744,"0,68"
1745,"0,6"
1746,"0,38"
1747,"0,38"
1748,"0,34"
1749,"0,58"
1750,"0,36"
1751,"0,28"
1752,"0,68"
1753,"0,7"
1754,"0,78"
1755,"0,28"
1756,"0,58"
1757,"0,32"
1758,"0,4"
1759,"0,54"
1760,"0,82"
1761,"0,28"
1762,"0,22"
1763,"0,24"
1764,"0,36"
1765,"0,24"
1766,"0,46"
1767,"0,76"
1768,"0,34"
1769,"0,26"
1770,"0,46"
1771,"0,46"
1772,"0,3"
1773,"0,6"
1774,"0,54"
1775,"0,5"
1776,"0,3"
1777,"0,22"
1778,"0,44"
1779,"0,78"
1780,"0,7"
1781,"0,46"
1782,"0,5"
1783,"0,42"
1784,"0,46"
1785,"0,54"
1786,"0,52"
1787,"0,32"
1788,"0,36"
1789,"0,22"
1790,"0,76"
1791,"0,2"
1792,"0,22"
1793,"0,4"
1794,"0,6"
1795,"0,4"
1796,"0,52"
1797,"0,38"
1798,"0,36"
1799,"0,12"
1800,"0,5"
1801,"0,76"
1802,"0,58"
1803,"0,8"
1804,"0,26"
1805,"0,58"
1806,"0,26"
1807,"0,52"
1808,"0,56"
1809,"0,74"
1810,"0,7"
1811,"0,54"
1812,"0,54"
1813,"0,82"
1814,"0,4"
1815,"0,54"
1816,"0,54"
1817,"0,18"
1818,"0,66"
1819,"0,76"
1820,"0,62"
1821,"0,66"
1822,"0,7"
1823,"0,76"
1824,"0,42"
1825,"0,32"
1826,"0,68"
1827,"0,42"
1828,"0,26"
1829,"0,78"
1830,"0,8"
1831,"0,42"
1832,"0,84"
1833,"0,22"
1834,"0,42"
1835,"0,18"
1836,"0,44"
1837,"0,2"
1838,"0,1"
1839,"0,34"
1840,"0,68"
1841,"0,08"
1842,"0,34"
1843,"0,68"
1844,"0,72"
1845,"0,8"
1846,"0,62"
1847,"0,48"
1848,"0,08"
1849,"0,12"
1850,"0,28"
1851,"0,26"
1852,"0,6"
1853,"0,82"
1854,"0,52"
1855,"0,3"
1856,"0,56"
1857,"0,6"
1858,"0,12"
1859,"0,5"
1860,"0,18"
1861,"0,58"
1862,"0,2"
1863,"0,58"
1864,"0,36"
1865,"0,3"
1866,"0,24"
1867,"0,56"
1868,"0,72"
1869,"0,14"
1870,"0,76"
1871,"0,24"
1872,"0,74"
1873,"0,46"
1874,"0,66"
1875,"0,84"
1876,"0,34"
1877,"0,1"
1878,"0,14"
1879,"0,64"
1880,"0,6"
1881,"0,22"
1882,"0,66"
1883,"0,3"
1884,"0,28"
1885,"0,38"
1886,"0,2"
1887,"0,26"
1888,"0,54"
1889,"0,76"
1890,"0,2"
1891,"0,86"
1892,"0,66"
1893,"0,14"
1894,"0,58"
1895,"0,26"
1896,"0,62"
1897,"0,68"
1898,"0,5"
1899,"0,32"
1900,"0,86"
1901,"0,52"
1902,"0,18"
1903,"0,26"
1904,"0,24"
1905,"0,76"
1906,"0,3"
1907,"0,5"
1908,"0,44"
1909,"0,24"
1910,"0,84"
1911,"0,3"
1912,"0,78"
1913,"0,34"
1914,"0,58"
1915,"0,42"
1916,"0,36"
1917,"0,38"
1918,"0,36"
1919,"0,8"
1920,"0,34"
1921,"0,18"
1922,"0,34"
1923,"0,62"
1924,"0,38"
1925,"0,58"
1926,"0,44"
1927,"0,34"
1928,"0,28"
1929,"0,3"
1930,"0,7"
1931,"0,58"
1932,"0,36"
1933,"0,46"
1934,"0,38"
1935,"0,8"
1936,"0,32"
1937,"0,8"
1938,"0,64"
1939,"0,62"
1940,"0,58"
1941,"0,16"
1942,"0,42"
1943,"0,44"
1944,"0,8"
1945,"0,16"
1946,"0,3"
1947,"0,68"
1948,"0,24"
1949,"0,64"
1950,"0,66"
1951,"0,66"
1952,"0,18"
1953,"0,42"
1954,"0,36"
1955,"0,32"
1956,"0,72"
1957,"0,38"
1958,"0,22"
1959,"0,56"
1960,"0,1"
1961,"0,86"
1962,"0,6"
1963,"0,36"
1964,"0,68"
1965,"0,62"
1966,"0,46"
1967,"0,84"
1968,"0,2"
1969,"0,36"
1970,"0,8"
1971,"0,84"
1972,"0,16"
1973,"0,18"
1974,"0,68"
1975,"0,86"
1976,"0,64"
1977,"0,72"
1978,"0,7"
1979,"0,5"
1980,"0,48"
1981,"0,8"
1982,"0,2"
1983,"0,14"
1984,"0,56"
1985,"0,84"
1986,"0,28"
1987,"0,34"
1988,"0,66"
1989,"0,62"
1990,"0,34"
1991,"0,82"
1992,"0,52"
1993,"0,24"
1994,"0,8"
1995,"0,24"
1996,"0,24"
1997,"0,62"
1998,"0,72"
1999,"0,52"
2000,"0,36"
2001,"0,48"
2002,"0,42"
2003,"0,26"
2004,"0,8"
2005,"0,46"
2006,"0,2"
2007,"0,56"
2008,"0,16"
2009,"0,62"
2010,"0,06"
2011,"0,88"
2012,"0,38"
2013,"0,52"
2014,"0,78"
2015,"0,3"
2016,"0,78"
2017,"0,48"
2018,"0,7"
2019,"0,36"
2020,"0,84"
2021,"0,48"
2022,"0,44"
2023,"0,44"
2024,"0,76"
2025,"0,26"
2026,"0,08"
2027,"0,84"
2028,"0,72"
2029,"0,62"
2030,"0,86"
2031,"0,78"
2032,"0,78"
2033,"0,64"
2034,"0,38"
2035,"0,36"
2036,"0,34"
2037,"0,28"
2038,"0,74"
2039,"0,46"
2040,"0,22"
2041,"0,38"
2042,"0,42"
2043,"0,54"
2044,"0,7"
2045,"0,76"
2046,"0,1"
2047,"0,36"
2048,"0,4"
2049,"0,16"
2050,"0,88"
2051,"0,22"
2052,"0,7"
2053,"0,7"
2054,"0,4"
2055,"0,44"
2056,"0,52"
2057,"0,58"
2058,"0,78"
2059,"0,44"
2060,"0,54"
2061,"0,22"
2062,"0,14"
2063,"0,16"
2064,"0,38"
2065,"0,38"
2066,"0,32"
2067,"0,52"
2068,"0,8"
2069,"0,64"
2070,"0,68"
2071,"0,26"
2072,"0,14"
2073,"0,42"
2074,"0,78"
2075,"0,62"
2076,"0,6"
2077,"0,24"
2078,"0,22"
2079,"0,56"
2080,"0,44"
2081,"0,66"
2082,"0,64"
2083,"0,24"
2084,"0,82"
2085,"0,58"
2086,"0,44"
2087,"0,24"
2088,"0,66"
2089,"0,54"
2090,"0,72"
2091,"0,72"
2092,"0,8"
2093,"0,44"
2094,"0,14"
2095,"0,14"
2096,"0,14"
2097,"0,44"
2098,"0,36"
2099,"0,74"
2100,"0,64"
2101,"0,34"
2102,"0,3"
2103,"0,16"
2104,"0,72"
2105,"0,82"
2106,"0,4"
2107,"0,06"
2108,"0,78"
2109,"0,46"
2110,"0,78"
2111,"0,52"
2112,"0,78"
2113,"0,3"
2114,"0,82"
2115,"0,34"
2116,"0,24"
2117,"0,26"
2118,"0,44"
2119,"0,62"
2120,"0,4"
2121,"0,26"
2122,"0,14"
2123,"0,36"
2124,"0,46"
2125,"0,9"
2126,"0,34"
2127,"0,7"
2128,"0,2"
2129,"0,4"
2130,"0,76"
2131,"0,5"
2132,"0,72"
2133,"0,52"
2134,"0,38"
2135,"0,24"
2136,"0,84"
2137,"0,4"
2138,"0,56"
2139,"0,72"
2140,"0,4"
2141,"0,48"
2142,"0,28"
2143,"0,8"
2144,"0,74"
2145,"0,44"
2146,"0,48"
2147,"0,44"
2148,"0,16"
2149,"0,38"
2150,"0,58"
2151,"0,44"
2152,"0,24"
2153,"0,72"
2154,"0,28"
2155,"0,76"
2156,"0,78"
2157,"0,78"
2158,"0,26"
2159,"0,22"
2160,"0,48"
2161,"0,54"
2162,"0,22"
2163,"0,86"
2164,"0,22"
2165,"0,2"
2166,"0,84"
2167,"0,28"
2168,"0,24"
2169,"0,14"
2170,"0,18"
2171,"0,76"
2172,"0,6"
2173,"0,72"
2174,"0,48"
2175,"0,8"
2176,"0,4"
2177,"0,32"
2178,"0,76"
2179,"0,14"
2180,"0,26"
2181,"0,48"
2182,"0,92"
2183,"0,52"
2184,"0,44"
2185,"0,54"
2186,"0,28"
2187,"0,42"
2188,"0,14"
2189,"0,24"
2190,"0,2"
2191,"0,38"
2192,"0,3"
2193,"0,68"
2194,"0,2"
2195,"0,54"
2196,"0,6"
2197,"0,38"
2198,"0,3"
2199,"0,46"
2200,"0,34"
2201,"0,22"
2202,"0,3"
2203,"0,2"
2204,"0,26"
2205,"0,16"
2206,"0,28"
2207,"0,6"
2208,"0,38"
2209,"0,72"
2210,"0,56"
2211,"0,6"
2212,"0,18"
2213,"0,46"
2214,"0,4"
2215,"0,86"
2216,"0,3"
2217,"0,6"
2218,"0,36"
2219,"0,5"
2220,"0,56"
2221,"0,58"
2222,"0,24"
2223,"0,46"
2224,"0,16"
2225,"0,78"
2226,"0,56"
2227,"0,6"
2228,"0,56"
2229,"0,68"
2230,"0,3"
2231,"0,34"
2232,"0,38"
2233,"0,24"
2234,"0,22"
2235,"0,68"
2236,"0,54"
2237,"0,5"
2238,"0,78"
2239,"0,52"
2240,"0,86"
2241,"0,16"
2242,"0,42"
2243,"0,54"
2244,"0,32"
2245,"0,86"
2246,"0,36"
2247,"0,82"
2248,"0,78"
2249,"0,34"
2250,"0,72"
2251,"0,42"
2252,"0,5"
2253,"0,42"
2254,"0,56"
2255,"0,66"
2256,"0,46"
2257,"0,88"
2258,"0,86"
2259,"0,42"
2260,"0,52"
2261,"0,3"
2262,"0,26"
2263,"0,52"
2264,"0,54"
2265,"0,46"
2266,"0,36"
2267,"0,36"
2268,"0,46"
2269,"0,68"
2270,"0,46"
2271,"0,44"
2272,"0,46"
2273,"0,1"
2274,"0,38"
2275,"0,68"
2276,"0,4"
2277,"0,56"
2278,"0,72"
2279,"0,5"
2280,"0,4"
2281,"0,94"
2282,"0,52"
2283,"0,82"
2284,"0,24"
2285,"0,52"
2286,"0,16"
2287,"0,24"
2288,"0,2"
2289,"0,46"
2290,"0,78"
2291,"0,5"
2292,"0,32"
2293,"0,14"
2294,"0,66"
2295,"0,58"
2296,"0,66"
2297,"0,42"
2298,"0,44"
2299,"0,42"
2300,"0,24"
2301,"0,84"
2302,"0,6"
2303,"0,84"
2304,"0,84"
2305,"0,72"
2306,"0,22"
2307,"0,16"
2308,"0,54"
2309,"0,42"
2310,"0,62"
2311,"0,48"
2312,"0,68"
2313,"0,64"
2314,"0,26"
2315,"0,3"
2316,"0,24"
2317,"0,56"
2318,"0,14"
2319,"0,48"
2320,"0,6"
2321,"0,62"
2322,"0,14"
2323,"0,68"
2324,"0,62"
2325,"0,4"
2326,"0,38"
2327,"0,26"
2328,"0,28"
2329,"0,32"
2330,"0,48"
2331,"0,12"
2332,"0,12"
2333,"0,42"
2334,"0,18"
2335,"0,36"
2336,"0,12"
2337,"0,5"
2338,"0,68"
2339,"0,42"
2340,"0,3"
2341,"0,36"
2342,"0,68"
2343,"0,68"
2344,"0,84"
2345,"0,74"
2346,"0,24"
2347,"0,44"
2348,"0,5"
2349,"0,52"
2350,"0,12"
2351,"0,68"
2352,"0,78"
2353,"0,34"
2354,"0,3"
2355,"0,58"
2356,"0,44"
2357,"0,74"
2358,"0,74"
2359,"0,58"
2360,"0,94"
2361,"0,38"
2362,"0,68"
2363,"0,48"
2364,"0,24"
2365,"0,8"
2366,"0,24"
2367,"0,76"
2368,"0,9"
2369,"0,72"
2370,"0,82"
2371,"0,64"
2372,"0,54"
2373,"0,36"
2374,"0,4"
2375,"0,22"
2376,"0,2"
2377,"0,68"
2378,"0,16"
2379,"0,72"
2380,"0,5"
2381,"0,2"
2382,"0,18"
2383,"0,18"
2384,"0,3"
2385,"0,34"
2386,"0,7"
2387,"0,7"
2388,"0,28"
2389,"0,46"
2390,"0,42"
2391,"0,16"
2392,"0,24"
2393,"0,72"
2394,"0,3"
2395,"0,68"
2396,"0,6"
2397,"0,66"
2398,"0,32"
2399,"0,78"
2400,"0,28"
2401,"0,78"
2402,"0,42"
2403,"0,64"
2404,"0,28"
2405,"0,4"
2406,"0,72"
2407,"0,22"
2408,"0,56"
2409,"0,72"
2410,"0,42"
2411,"0,32"
2412,"0,24"
2413,"0,68"
2414,"0,26"
2415,"0,18"
2416,"0,66"
2417,"0,1"
2418,"0,58"
2419,"0,56"
2420,"0,68"
2421,"0,66"
2422,"0,76"
2423,"0,26"
2424,"0,36"
2425,"0,68"
2426,"0,24"
2427,"0,34"
2428,"0,58"
2429,"0,12"
2430,"0,24"
2431,"0,18"
2432,"0,52"
2433,"0,36"
2434,"0,74"
2435,"0,6"
2436,"0,44"
2437,"0,62"
2438,"0,32"
2439,"0,26"
2440,"0,36"
2441,"0,24"
2442,"0,28"
2443,"0,38"
2444,"0,68"
2445,"0,76"
2446,"0,74"
2447,"0,34"
2448,"0,72"
2449,"0,78"
2450,"0,64"
2451,"0,74"
2452,"0,32"
2453,"0,38"
2454,"0,18"
2455,"0,28"
2456,"0,6"
2457,"0,46"
2458,"0,4"
2459,"0,16"
2460,"0,36"
2461,"0,38"
2462,"0,26"
2463,"0,24"
2464,"0,22"
2465,"0,86"
2466,"0,38"
2467,"0,62"
2468,"0,76"
2469,"0,4"
2470,"0,74"
2471,"0,36"
2472,"0,18"
2473,"0,7"
2474,"0,52"
2475,"0,3"
2476,"0,64"
2477,"0,42"
2478,"0,42"
2479,"0,36"
2480,"0,42"
2481,"0,78"
2482,"0,48"
2483,"0,54"
2484,"0,48"
2485,"0,68"
2486,"0,44"
2487,"0,52"
2488,"0,36"
2489,"0,36"
2490,"0,16"
2491,"0,36"
2492,"0,34"
2493,"0,34"
2494,"0,56"
2495,"0,52"
2496,"0,2"
2497,"0,36"
2498,"0,52"
2499,"0,44"
2500,"0,5"
2501,"0,14"
2502,"0,64"
2503,"0,7"
2504,"0,26"
2505,"0,38"
2506,"0,66"
2507,"0,76"
2508,"0,7"
2509,"0,16"
2510,"0,1"
2511,"0,46"
2512,"0,54"
2513,"0,44"
2514,"0,36"
2515,"0,58"
2516,"0,42"
2517,"0,22"
2518,"0,82"
2519,"0,38"
2520,"0,56"
2521,"0,76"
2522,"0,54"
2523,"0,62"
2524,"0,6"
2525,"0,38"
2526,"0,36"
2527,"0,84"
2528,"0,68"
2529,"0,16"
2530,"0,8"
2531,"0,84"
2532,"0,18"
2533,"0,66"
2534,"0,44"
2535,"0,4"
2536,"0,5"
2537,"0,78"
2538,"0,42"
2539,"0,62"
2540,"0,46"
2541,"0,54"
2542,"0,6"
2543,"0,6"
2544,"0,5"
2545,"0,58"
2546,"0,3"
2547,"0,52"
2548,"0,54"
2549,"0,62"
2550,"0,54"
2551,"0,82"
2552,"0,5"
2553,"0,68"
2554,"0,64"
2555,"0,28"
2556,"0,44"
2557,"0,58"
2558,"0,16"
2559,"0,84"
2560,"0,24"
2561,"0,46"
2562,"0,34"
2563,"0,74"
2564,"0,62"
2565,"0,32"
2566,"0,7"
2567,"0,7"
2568,"0,44"
2569,"0,62"
2570,"0,14"
2571,"0,46"
2572,"0,7"
2573,"0,32"
2574,"0,4"
2575,"0,2"
2576,"0,86"
2577,"0,24"
2578,"0,22"
2579,"0,68"
2580,"0,82"
2581,"0,36"
2582,"0,2"
2583,"0,44"
2584,"0,3"
2585,"0,42"
2586,"0,34"
2587,"0,38"
2588,"0,28"
2589,"0,12"
2590,"0,72"
2591,"0,68"
2592,"0,1"
2593,"0,44"
2594,"0,32"
2595,"0,32"
2596,"0,34"
2597,"0,7"
2598,"0,76"
2599,"0,7"
2600,"0,62"
2601,"0,12"
2602,"0,84"
2603,"0,68"
2604,"0,62"
2605,"0,4"
2606,"0,46"
2607,"0,38"
2608,"0,44"
2609,"0,36"
2610,"0,72"
2611,"0,52"
2612,"0,92"
2613,"0,7"
2614,"0,46"
2615,"0,58"
2616,"0,78"
2617,"0,14"
2618,"0,32"
2619,"0,82"
2620,"0,62"
2621,"0,72"
2622,"0,64"
2623,"0,38"
2624,"0,22"
2625,"0,64"
2626,"0,84"
2627,"0,26"
2628,"0,7"
2629,"0,24"
2630,"0,48"
2631,"0,4"
2632,"0,78"
2633,"0,48"
2634,"0,08"
2635,"0,8"
2636,"0,62"
2637,"0,24"
2638,"0,42"
2639,"0,3"
2640,"0,32"
2641,"0,38"
2642,"0,44"
2643,"0,54"
2644,"0,2"
2645,"0,66"
2646,"0,32"
2647,"0,32"
2648,"0,4"
2649,"0,3"
2650,"0,74"
2651,"0,46"
2652,"0,48"
2653,"0,16"
2654,"0,74"
2655,"0,76"
2656,"0,3"
2657,"0,3"
2658,"0,58"
2659,"0,24"
2660,"0,54"
2661,"0,7"
2662,"0,26"
2663,"0,54"
2664,"0,42"
2665,"0,34"
2666,"0,72"
2667,"0,88"
2668,"0,22"
2669,"0,38"
2670,"0,64"
2671,"0,88"
2672,"0,48"
2673,"0,56"
2674,"0,3"
2675,"0,4"
2676,"0,9"
2677,"0,42"
2678,"0,84"
2679,"0,34"
2680,"0,42"
2681,"0,64"
2682,"0,4"
2683,"0,82"
2684,"0,52"
2685,"0,14"
2686,"0,56"
2687,"0,42"
2688,"0,12"
2689,"0,34"
2690,"0,56"
2691,"0,74"
2692,"0,36"
2693,"0,62"
2694,"0,14"
2695,"0,76"
2696,"0,7"
2697,"0,74"
2698,"0,2"
2699,"0,3"
2700,"0,86"
2701,"0,52"
2702,"0,56"
2703,"0,2"
2704,"0,26"
2705,"0,58"
2706,"0,76"
2707,"0,68"
2708,"0,56"
2709,"0,4"
2710,"0,54"
2711,"0,4"
2712,"0,26"
2713,"0,22"
2714,"0,82"
2715,"0,8"
2716,"0,18"
2717,"0,76"
2718,"0,68"
2719,"0,28"
2720,"0,26"
2721,"0,76"
2722,"0,7"
2723,"0,8"
2724,"0,22"
2725,"0,2"
2726,"0,14"
2727,"0,46"
2728,"0,38"
2729,"0,8"
2730,"0,6"
2731,"0,3"
2732,"0,5"
2733,"0,44"
2734,"0,6"
2735,"0,22"
2736,"0,16"
2737,"0,68"
2738,"0,4"
2739,"0,4"
2740,"0,64"
2741,"0,86"
2742,"0,38"
2743,"0,82"
2744,"0,62"
2745,"0,38"
2746,"0,78"
2747,"0,52"
2748,"0,76"
2749,"0,52"
2750,"0,46"
2751,"0,16"
2752,"0,16"
2753,"0,34"
2754,"0,38"
2755,"0,24"
2756,"0,3"
2757,"0,5"
2758,"0,46"
2759,"0,16"
2760,"0,5"
2761,"0,96"
2762,"0,14"
2763,"0,64"
2764,"0,4"
2765,"0,52"
2766,"0,26"
2767,"0,26"
2768,"0,3"
2769,"0,58"
2770,"0,36"
2771,"0,12"
2772,"0,3"
2773,"0,46"
2774,"0,58"
2775,"0,72"
2776,"0,32"
2777,"0,48"
2778,"0,9"
2779,"0,8"
2780,"0,44"
2781,"0,38"
2782,"0,48"
2783,"0,76"
2784,"0,82"
2785,"0,26"
2786,"0,26"
2787,"0,14"
2788,"0,38"
2789,"0,74"
2790,"0,16"
2791,"0,34"
2792,"0,24"
2793,"0,66"
2794,"0,56"
2795,"0,72"
2796,"0,42"
2797,"0,88"
2798,"0,82"
2799,"0,66"
2800,"0,12"
2801,"0,2"
2802,"0,22"
2803,"0,5"
2804,"0,56"
2805,"0,82"
2806,"0,54"
2807,"0,78"
2808,"0,08"
2809,"0,36"
2810,"0,72"
2811,"0,14"
2812,"0,44"
2813,"0,52"
2814,"0,28"
2815,"0,5"
2816,"0,7"
2817,"0,52"
2818,"0,18"
2819,"0,22"
2820,"0,2"
2821,"0,38"
2822,"0,54"
2823,"0,88"
2824,"0,86"
2825,"0,84"
2826,"0,88"
2827,"0,86"
2828,"0,54"
2829,"0,18"
2830,"0,7"
2831,"0,58"
2832,"0,66"
2833,"0,64"
2834,"0,74"
2835,"0,94"
2836,"0,6"
2837,"0,26"
2838,"0,46"
2839,"0,48"
2840,"0,54"
2841,"0,22"
2842,"0,22"
2843,"0,58"
2844,"0,54"
2845,"0,34"
2846,"0,66"
2847,"0,66"
2848,"0,74"
2849,"0,3"
2850,"0,44"
2851,"0,42"
2852,"0,6"
2853,"0,32"
2854,"0,64"
2855,"0,32"
2856,"0,16"
2857,"0,52"
2858,"0,92"
2859,"0,32"
2860,"0,16"
2861,"0,72"
2862,"0,56"
2863,"0,4"
2864,"0,84"
2865,"0,34"
2866,"0,44"
2867,"0,52"
2868,"0,14"
2869,"0,7"
2870,"0,16"
2871,"0,52"
2872,"0,76"
2873,"0,12"
2874,"0,5"
2875,"0,1"
2876,"0,84"
2877,"0,82"
2878,"0,74"
2879,"0,26"
2880,"0,74"
2881,"0,38"
2882,"0,76"
2883,"0,68"
2884,"0,32"
2885,"0,24"
2886,"0,22"
2887,"0,2"
2888,"0,22"
2889,"0,54"
2890,"0,66"
2891,"0,22"
2892,"0,46"
2893,"0,62"
2894,"0,42"
2895,"0,84"
2896,"0,4"
2897,"0,62"
2898,"0,22"
2899,"0,18"
2900,"0,86"
2901,"0,18"
2902,"0,74"
2903,"0,68"
2904,"0,56"
2905,"0,5"
2906,"0,66"
2907,"0,28"
2908,"0,52"
2909,"0,58"
2910,"0,32"
2911,"0,18"
2912,"0,42"
2913,"0,32"
2914,"0,34"
2915,"0,7"
2916,"0,34"
2917,"0,78"
2918,"0,7"
2919,"0,16"
2920,"0,74"
2921,"0,82"
2922,"0,46"
2923,"0,52"
2924,"0,38"
2925,"0,34"
2926,"0,34"
2927,"0,64"
2928,"0,66"
2929,"0,38"
2930,"0,24"
2931,"0,64"
2932,"0,24"
2933,"0,16"
2934,"0,78"
2935,"0,48"
2936,"0,9"
2937,"0,36"
2938,"0,6"
2939,"0,38"
2940,"0,66"
2941,"0,34"
2942,"0,5"
2943,"0,4"
2944,"0,36"
2945,"0,44"
2946,"0,66"
2947,"0,58"
2948,"0,5"
2949,"0,38"
2950,"0,38"
2951,"0,66"
2952,"0,46"
2953,"0,48"
2954,"0,44"
2955,"0,34"
2956,"0,82"
2957,"0,68"
2958,"0,52"
2959,"0,7"
2960,"0,12"
2961,"0,44"
2962,"0,66"
2963,"0,68"
2964,"0,48"
2965,"0,24"
2966,"0,54"
2967,"0,08"
2968,"0,62"
2969,"0,4"
2970,"0,76"
2971,"0,2"
2972,"0,84"
2973,"0,76"
2974,"0,58"
2975,"0,62"
2976,"0,48"
2977,"0,44"
2978,"0,16"
2979,"0,58"
2980,"0,68"
2981,"0,62"
2982,"0,8"
2983,"0,26"
2984,"0,32"
2985,"0,84"
2986,"0,76"
2987,"0,38"
2988,"0,34"
2989,"0,76"
2990,"0,4"
2991,"0,28"
2992,"0,42"
2993,"0,78"
2994,"0,12"
2995,"0,7"
2996,"0,18"
2997,"0,2"
2998,"0,82"
2999,"0,54"
3000,"0,48"
3001,"0,82"
3002,"0,12"
3003,"0,36"
3004,"0,46"
3005,"0,62"
3006,"0,6"
3007,"0,76"
3008,"0,18"
3009,"0,52"
3010,"0,44"
3011,"0,3"
3012,"0,44"
3013,"0,08"
3014,"0,52"
3015,"0,4"
3016,"0,82"
3017,"0,54"
3018,"0,7"
3019,"0,4"
3020,"0,42"
3021,"0,64"
3022,"0,46"
3023,"0,74"
3024,"0,4"
3025,"0,64"
3026,"0,46"
3027,"0,5"
3028,"0,34"
3029,"0,16"
3030,"0,1"
3031,"0,68"
3032,"0,22"
3033,"0,08"
3034,"0,58"
3035,"0,38"
3036,"0,26"
3037,"0,18"
3038,"0,5"
3039,"0,58"
3040,"0,22"
3041,"0,32"
3042,"0,38"
3043,"0,26"
3044,"0,58"
3045,"0,22"
3046,"0,7"
3047,"0,62"
3048,"0,26"
3049,"0,84"
3050,"0,66"
3051,"0,68"
3052,"0,26"
3053,"0,54"
3054,"0,52"
3055,"0,46"
3056,"0,36"
3057,"0,36"
3058,"0,38"
3059,"0,1"
3060,"0,7"
3061,"0,34"
3062,"0,22"
3063,"0,64"
3064,"0,32"
3065,"0,66"
3066,"0,88"
3067,"0,56"
3068,"0,28"
3069,"0,68"
3070,"0,58"
3071,"0,46"
3072,"0,38"
3073,"0,82"
3074,"0,32"
3075,"0,26"
3076,"0,64"
3077,"0,78"
3078,"0,72"
3079,"0,5"
3080,"0,58"
3081,"0,54"
3082,"0,84"
3083,"0,46"
3084,"0,84"
3085,"0,16"
3086,"0,84"
3087,"0,58"
3088,"0,26"
3089,"0,26"
3090,"0,36"
3091,"0,64"
3092,"0,06"
3093,"0,46"
3094,"0,6"
3095,"0,42"
3096,"0,66"
3097,"0,6"
3098,"0,9"
3099,"0,94"
3100,"0,28"
3101,"0,1"
3102,"0,6"
3103,"0,26"
3104,"0,54"
3105,"0,06"
3106,"0,5"
3107,"0,62"
3108,"0,58"
3109,"0,18"
3110,"0,64"
3111,"0,56"
3112,"0,3"
3113,"0,6"
3114,"0,22"
3115,"0,16"
3116,"0,26"
3117,"0,74"
3118,"0,24"
3119,"0,12"
3120,"0,92"
3121,"0,76"
3122,"0,36"
3123,"0,64"
3124,"0,5"
3125,"0,12"
3126,"0,2"
3127,"0,68"
3128,"0,78"
3129,"0,22"
3130,"0,8"
3131,"0,62"
3132,"0,16"
3133,"0,7"
3134,"0,24"
3135,"0,76"
3136,"0,38"
3137,"0,6"
3138,"0,88"
3139,"0,72"
3140,"0,46"
3141,"0,82"
3142,"0,82"
3143,"0,5"
3144,"0,5"
3145,"0,46"
3146,"0,9"
3147,"0,78"
3148,"0,82"
3149,"0,54"
3150,"0,32"
3151,"0,38"
3152,"0,48"
3153,"0,14"
3154,"0,24"
3155,"0,4"
3156,"0,46"
3157,"0,56"
3158,"0,58"
3159,"0,46"
3160,"0,24"
3161,"0,46"
3162,"0,72"
3163,"0,6"
3164,"0,16"
3165,"0,22"
3166,"0,52"
3167,"0,24"
3168,"0,52"
3169,"0,36"
3170,"0,28"
3171,"0,76"
3172,"0,56"
3173,"0,44"
3174,"0,6"
3175,"0,8"
3176,"0,68"
3177,"0,76"
3178,"0,34"
3179,"0,32"
3180,"0,34"
3181,"0,22"
3182,"0,66"
3183,"0,28"
3184,"0,46"
3185,"0,58"
3186,"0,64"
3187,"0,36"
3188,"0,74"
3189,"0,72"
3190,"0,48"
3191,"0,74"
3192,"0,12"
3193,"0,26"
3194,"0,36"
3195,"0,78"
3196,"0,48"
3197,"0,28"
3198,"0,22"
3199,"0,72"
3200,"0,36"
3201,"0,7"
3202,"0,8"
3203,"0,3"
3204,"0,62"
3205,"0,42"
3206,"0,1"
3207,"0,82"
3208,"0,86"
3209,"0,82"
3210,"0,42"
3211,"0,36"
3212,"0,54"
3213,"0,8"
3214,"0,52"
3215,"0,22"
3216,"0,34"
3217,"0,44"
3218,"0,28"
3219,"0,7"
3220,"0,7"
3221,"0,36"
3222,"0,24"
3223,"0,46"
3224,"0,24"
3225,"0,54"
3226,"0,28"
3227,"0,16"
3228,"0,32"
3229,"0,7"
3230,"0,16"
3231,"0,22"
3232,"0,42"
3233,"0,78"
3234,"0,52"
3235,"0,64"
3236,"0,62"
3237,"0,06"
3238,"0,5"
3239,"0,84"
3240,"0,26"
3241,"0,7"
3242,"0,48"
3243,"0,14"
3244,"0,44"
3245,"0,16"
3246,"0,78"
3247,"0,48"
3248,"0,24"
3249,"0,68"
3250,"0,42"
3251,"0,6"
3252,"0,82"
3253,"0,26"
3254,"0,46"
3255,"0,76"
3256,"0,42"
3257,"0,5"
3258,"0,44"
3259,"0,8"
3260,"0,42"
3261,"0,28"
3262,"0,5"
3263,"0,76"
3264,"0,62"
3265,"0,26"
3266,"0,66"
3267,"0,56"
3268,"0,4"
3269,"0,7"
3270,"0,74"
3271,"0,36"
3272,"0,16"
3273,"0,44"
3274,"0,3"
3275,"0,62"
3276,"0,18"
3277,"0,66"
3278,"0,6"
3279,"0,36"
3280,"0,28"
3281,"0,24"
3282,"0,4"
3283,"0,26"
3284,"0,32"
3285,"0,28"
3286,"0,8"
3287,"0,66"
3288,"0,66"
3289,"0,18"
3290,"0,3"
3291,"0,44"
3292,"0,58"
3293,"0,48"
3294,"0,3"
3295,"0,64"
3296,"0,46"
3297,"0,7"
3298,"0,64"
3299,"0,62"
3300,"0,76"
3301,"0,7"
3302,"0,22"
3303,"0,16"
3304,"0,64"
3305,"0,58"
3306,"0,7"
3307,"0,72"
3308,"0,3"
3309,"0,18"
3310,"0,54"
3311,"0,5"
3312,"0,68"
3313,"0,58"
3314,"0,38"
3315,"0,88"
3316,"0,28"
3317,"0,3"
3318,"0,28"
3319,"0,82"
3320,"0,36"
3321,"0,62"
3322,"0,46"
3323,"0,16"
3324,"0,88"
3325,"0,1"
3326,"0,64"
3327,"0,8"
3328,"0,78"
3329,"0,36"
3330,"0,18"
3331,"0,36"
3332,"0,74"
3333,"0,6"
3334,"0,24"
3335,"0,34"
3336,"0,88"
3337,"0,34"
3338,"0,8"
3339,"0,58"
3340,"0,76"
3341,"0,1"
3342,"0,46"
3343,"0,3"
3344,"0,42"
3345,"0,64"
3346,"0,36"
3347,"0,32"
3348,"0,2"
3349,"0,38"
3350,"0,72"
3351,"0,68"
3352,"0,78"
3353,"0,72"
3354,"0,3"
3355,"0,44"
3356,"0,86"
3357,"0,84"
3358,"0,44"
3359,"0,2"
3360,"0,26"
3361,"0,58"
3362,"0,36"
3363,"0,62"
3364,"0,28"
3365,"0,22"
3366,"0,4"
3367,"0,16"
3368,"0,68"
3369,"0,46"
3370,"0,5"
3371,"0,5"
3372,"0,64"
3373,"0,68"
3374,"0,8"
3375,"0,54"
3376,"0,9"
3377,"0,26"
3378,"0,2"
3379,"0,44"
3380,"0,26"
3381,"0,66"
3382,"0,36"
3383,"0,54"
3384,"0,76"
3385,"0,28"
3386,"0,34"
3387,"0,08"
3388,"0,82"
3389,"0,3"
3390,"0,68"
3391,"0,8"
3392,"0,48"
3393,"0,16"
3394,"0,48"
3395,"0,42"
3396,"0,28"
3397,"0,06"
3398,"0,48"
3399,"0,12"
3400,"0,78"
3401,"0,72"
3402,"0,36"
3403,"0,24"
3404,"0,18"
3405,"0,38"
3406,"0,48"
3407,"0,52"
3408,"0,6"
3409,"0,46"
3410,"0,5"
3411,"0,52"
3412,"0,54"
3413,"0,24"
3414,"0,16"
3415,"0,34"
3416,"0,8"
3417,"0,74"
3418,"0,5"
3419,"0,86"
3420,"0,3"
3421,"0,44"
3422,"0,18"
3423,"0,88"
3424,"0,54"
3425,"0,24"
3426,"0,62"
3427,"0,3"
3428,"0,56"
3429,"0,44"
3430,"0,58"
3431,"0,5"
3432,"0,48"
3433,"0,36"
3434,"0,26"
3435,"0,78"
3436,"0,44"
3437,"0,3"
3438,"0,62"
3439,"0,5"
3440,"0,92"
3441,"0,9"
3442,"0,76"
3443,"0,6"
3444,"0,36"
3445,"0,5"
3446,"0,62"
3447,"0,26"
3448,"0,4"
3449,"0,58"
3450,"0,38"
3451,"0,64"
3452,"0,14"
3453,"0,54"
3454,"0,26"
3455,"0,76"
3456,"0,8"
3457,"0,64"
3458,"0,4"
3459,"0,66"
3460,"0,58"
3461,"0,3"
3462,"0,28"
3463,"0,34"
3464,"0,62"
3465,"0,26"
3466,"0,3"
3467,"0,48"
3468,"0,5"
3469,"0,36"
3470,"0,86"
3471,"0,68"
3472,"0,32"
3473,"0,66"
3474,"0,48"
3475,"0,62"
3476,"0,14"
3477,"0,26"
3478,"0,28"
3479,"0,48"
3480,"0,84"
3481,"0,44"
3482,"0,48"
3483,"0,64"
3484,"0,24"
3485,"0,34"
3486,"0,6"
3487,"0,42"
3488,"0,48"
3489,"0,56"
3490,"0,26"
3491,"0,46"
3492,"0,34"
3493,"0,34"
3494,"0,3"
3495,"0,28"
3496,"0,3"
3497,"0,34"
3498,"0,66"
3499,"0,4"
3500,"0,62"
3501,"0,54"
3502,"0,34"
3503,"0,88"
3504,"0,8"
3505,"0,52"
3506,"0,42"
3507,"0,5"
3508,"0,52"
3509,"0,46"
3510,"0,62"
3511,"0,5"
3512,"0,48"
3513,"0,5"
3514,"0,12"
3515,"0,4"
3516,"0,66"
3517,"0,4"
3518,"0,3"
3519,"0,54"
3520,"0,58"
3521,"0,68"
3522,"0,78"
3523,"0,46"
3524,"0,72"
3525,"0,3"
3526,"0,42"
3527,"0,18"
3528,"0,66"
3529,"0,4"
3530,"0,6"
3531,"0,4"
3532,"0,68"
3533,"0,66"
3534,"0,82"
3535,"0,28"
3536,"0,18"
3537,"0,62"
3538,"0,68"
3539,"0,7"
3540,"0,58"
3541,"0,36"
3542,"0,46"
3543,"0,36"
3544,"0,42"
3545,"0,3"
3546,"0,64"
3547,"0,14"
3548,"0,52"
3549,"0,86"
3550,"0,4"
3551,"0,18"
3552,"0,8"
3553,"0,5"
3554,"0,3"
3555,"0,34"
3556,"0,26"
3557,"0,36"
3558,"0,76"
3559,"0,32"
3560,"0,44"
3561,"0,72"
3562,"0,5"
3563,"0,32"
3564,"0,24"
3565,"0,4"
3566,"0,18"
3567,"0,36"
3568,"0,56"
3569,"0,76"
3570,"0,78"
3571,"0,36"
3572,"0,18"
3573,"0,86"
3574,"0,4"
3575,"0,26"
3576,"0,72"
3577,"0,82"
3578,"0,5"
3579,"0,26"
3580,"0,34"
3581,"0,3"
3582,"0,76"
3583,"0,4"
3584,"0,72"
3585,"0,24"
3586,"0,62"
3587,"0,52"
3588,"0,78"
3589,"0,38"
3590,"0,7"
3591,"0,84"
3592,"0,16"
3593,"0,14"
3594,"0,34"
3595,"0,84"
3596,"0,64"
3597,"0,7"
3598,"0,5"
3599,"0,58"
3600,"0,38"
3601,"0,68"
3602,"0,58"
3603,"0,18"
3604,"0,22"
3605,"0,14"
3606,"0,38"
3607,"0,42"
3608,"0,54"
3609,"0,16"
3610,"0,4"
3611,"0,24"
3612,"0,76"
3613,"0,8"
3614,"0,34"
3615,"0,34"
3616,"0,52"
3617,"0,14"
3618,"0,86"
3619,"0,6"
3620,"0,76"
3621,"0,62"
3622,"0,92"
3623,"0,56"
3624,"0,28"
3625,"0,14"
3626,"0,3"
3627,"0,44"
3628,"0,66"
3629,"0,3"
3630,"0,44"
3631,"0,78"
3632,"0,78"
3633,"0,46"
3634,"0,34"
3635,"0,6"
3636,"0,56"
3637,"0,28"
3638,"0,64"
3639,"0,4"
3640,"0,24"
3641,"0,78"
3642,"0,2"
3643,"0,24"
3644,"0,2"
3645,"0,46"
3646,"0,52"
3647,"0,72"
3648,"0,44"
3649,"0,52"
3650,"0,62"
3651,"0,8"
3652,"0,2"
3653,"0,4"
3654,"0,3"
3655,"0,22"
3656,"0,46"
3657,"0,72"
3658,"0,36"
3659,"0,2"
3660,"0,36"
3661,"0,58"
3662,"0,24"
3663,"0,3"
3664,"0,74"
3665,"0,48"
3666,"0,08"
3667,"0,28"
3668,"0,46"
3669,"0,52"
3670,"0,68"
3671,"0,62"
3672,"0,58"
3673,"0,58"
3674,"0,5"
3675,"0,62"
3676,"0,74"
3677,"0,14"
3678,"0,56"
3679,"0,68"
3680,"0,1"
3681,"0,32"
3682,"0,12"
3683,"0,8"
3684,"0,3"
3685,"0,68"
3686,"0,42"
3687,"0,72"
3688,"0,78"
3689,"0,5"
3690,"0,24"
3691,"0,48"
3692,"0,16"
3693,"0,2"
3694,"0,28"
3695,"0,28"
3696,"0,24"
3697,"0,46"
3698,"0,52"
3699,"0,48"
3700,"0,3"
3701,"0,18"
3702,"0,28"
3703,"0,44"
3704,"0,38"
3705,"0,5"
3706,"0,32"
3707,"0,12"
3708,"0,28"
3709,"0,34"
3710,"0,58"
3711,"0,74"
3712,"0,26"
3713,"0,86"
3714,"0,56"
3715,"0,48"
3716,"0,2"
3717,"0,34"
3718,"0,52"
3719,"0,5"
3720,"0,4"
3721,"0,58"
3722,"0,82"
3723,"0,82"
3724,"0,36"
3725,"0,3"
3726,"0,36"
3727,"0,4"
3728,"0,34"
3729,"0,74"
3730,"0,78"
3731,"0,18"
3732,"0,68"
3733,"0,32"
3734,"0,72"
3735,"0,34"
3736,"0,36"
3737,"0,54"
3738,"0,34"
3739,"0,66"
3740,"0,32"
3741,"0,56"
3742,"0,66"
3743,"0,4"
3744,"0,54"
3745,"0,36"
3746,"0,34"
3747,"0,28"
3748,"0,38"
3749,"0,48"
3750,"0,42"
3751,"0,24"
3752,"0,62"
3753,"0,34"
3754,"0,22"
3755,"0,8"
3756,"0,4"
3757,"0,72"
3758,"0,1"
3759,"0,92"
3760,"0,5"
3761,"0,26"
3762,"0,42"
3763,"0,3"
3764,"0,48"
3765,"0,2"
3766,"0,26"
3767,"0,82"
3768,"0,82"
3769,"0,6"
3770,"0,14"
3771,"0,58"
3772,"0,46"
3773,"0,14"
3774,"0,52"
3775,"0,52"
3776,"0,28"
3777,"0,56"
3778,"0,22"
3779,"0,24"
3780,"0,66"
3781,"0,64"
3782,"0,84"
3783,"0,2"
3784,"0,78"
3785,"0,24"
3786,"0,58"
3787,"0,78"
3788,"0,38"
3789,"0,88"
3790,"0,72"
3791,"0,7"
3792,"0,78"
3793,"0,54"
3794,"0,66"
3795,"0,16"
3796,"0,36"
3797,"0,66"
3798,"0,34"
3799,"0,66"
3800,"0,68"
3801,"0,22"
3802,"0,58"
3803,"0,66"
3804,"0,84"
3805,"0,56"
3806,"0,8"
3807,"0,42"
3808,"0,4"
3809,"0,76"
3810,"0,3"
3811,"0,26"
3812,"0,56"
3813,"0,72"
3814,"0,68"
3815,"0,32"
3816,"0,74"
3817,"0,62"
3818,"0,38"
3819,"0,36"
3820,"0,1"
3821,"0,68"
3822,"0,64"
3823,"0,14"
3824,"0,48"
3825,"0,18"
3826,"0,38"
3827,"0,62"
3828,"0,26"
3829,"0,62"
3830,"0,76"
3831,"0,62"
3832,"0,54"
3833,"0,36"
3834,"0,54"
3835,"0,5"
3836,"0,86"
3837,"0,38"
3838,"0,42"
3839,"0,46"
3840,"0,2"
3841,"0,84"
3842,"0,3"
3843,"0,18"
3844,"0,26"
3845,"0,4"
3846,"0,4"
3847,"0,5"
3848,"0,56"
3849,"0,66"
3850,"0,36"
3851,"0,24"
3852,"0,14"
3853,"0,68"
3854,"0,4"
3855,"0,6"
3856,"0,68"
3857,"0,34"
3858,"0,64"
3859,"0,44"
3860,"0,2"
3861,"0,82"
3862,"0,28"
3863,"0,72"
3864,"0,64"
3865,"0,56"
3866,"0,16"
3867,"0,4"
3868,"0,88"
3869,"0,62"
3870,"0,58"
3871,"0,48"
3872,"0,36"
3873,"0,68"
3874,"0,18"
3875,"0,26"
3876,"0,68"
3877,"0,36"
3878,"0,86"
3879,"0,22"
3880,"0,36"
3881,"0,86"
3882,"0,66"
3883,"0,2"
3884,"0,54"
3885,"0,42"
3886,"0,66"
3887,"0,58"
3888,"0,62"
3889,"0,28"
3890,"0,5"
3891,"0,66"
3892,"0,76"
3893,"0,34"
3894,"0,38"
3895,"0,68"
3896,"0,42"
3897,"0,32"
3898,"0,74"
3899,"0,62"
3900,"0,58"
3901,"0,54"
3902,"0,54"
3903,"0,32"
3904,"0,66"
3905,"0,56"
3906,"0,3"
3907,"0,78"
3908,"0,28"
3909,"0,62"
3910,"0,92"
3911,"0,28"
3912,"0,5"
3913,"0,54"
3914,"0,34"
3915,"0,24"
3916,"0,9"
3917,"0,82"
3918,"0,32"
3919,"0,12"
3920,"0,64"
3921,"0,08"
3922,"0,18"
3923,"0,4"
3924,"0,22"
3925,"0,74"
3926,"0,24"
3927,"0,58"
3928,"0,56"
3929,"0,56"
3930,"0,58"
3931,"0,76"
3932,"0,24"
3933,"0,48"
3934,"0,54"
3935,"0,44"
3936,"0,88"
3937,"0,3"
3938,"0,52"
3939,"0,64"
3940,"0,52"
3941,"0,12"
3942,"0,7"
3943,"0,5"
3944,"0,5"
3945,"0,1"
3946,"0,32"
3947,"0,56"
3948,"0,26"
3949,"0,36"
3950,"0,5"
3951,"0,46"
3952,"0,46"
3953,"0,62"
3954,"0,22"
3955,"0,2"
3956,"0,66"
3957,"0,36"
3958,"0,46"
3959,"0,84"
3960,"0,8"
3961,"0,48"
3962,"0,64"
3963,"0,48"
3964,"0,84"
3965,"0,22"
3966,"0,56"
3967,"0,76"
3968,"0,26"
3969,"0,38"
3970,"0,4"
3971,"0,4"
3972,"0,82"
3973,"0,26"
3974,"0,8"
3975,"0,48"
3976,"0,74"
3977,"0,38"
3978,"0,56"
3979,"0,28"
3980,"0,42"
3981,"0,36"
3982,"0,42"
3983,"0,22"
3984,"0,64"
3985,"0,42"
3986,"0,32"
3987,"0,5"
3988,"0,62"
3989,"0,86"
3990,"0,84"
3991,"0,64"
3992,"0,72"
3993,"0,28"
3994,"0,24"
3995,"0,44"
3996,"0,28"
3997,"0,38"
3998,"0,46"
3999,"0,96"
4000,"0,64"
4001,"0,68"
4002,"0,58"
4003,"0,92"
4004,"0,86"
4005,"0,2"
4006,"0,34"
4007,"0,18"
4008,"0,66"
4009,"0,82"
4010,"0,74"
4011,"0,14"
4012,"0,82"
4013,"0,18"
4014,"0,28"
4015,"0,68"
4016,"0,64"
4017,"0,5"
4018,"0,76"
4019,"0,4"
4020,"0,38"
4021,"0,54"
4022,"0,34"
4023,"0,3"
4024,"0,58"
4025,"0,54"
4026,"0,48"
4027,"0,16"
4028,"0,66"
4029,"0,48"
4030,"0,78"
4031,"0,26"
4032,"0,66"
4033,"0,12"
4034,"0,6"
4035,"0,74"
4036,"0,42"
4037,"0,68"
4038,"0,18"
4039,"0,5"
4040,"0,32"
4041,"0,52"
4042,"0,34"
4043,"0,54"
4044,"0,5"
4045,"0,74"
4046,"0,18"
4047,"0,84"
4048,"0,36"
4049,"0,62"
4050,"0,8"
4051,"0,6"
4052,"0,16"
4053,"0,28"
4054,"0,68"
4055,"0,14"
4056,"0,34"
4057,"0,34"
4058,"0,62"
4059,"0,2"
4060,"0,18"
4061,"0,6"
4062,"0,36"
4063,"0,54"
4064,"0,26"
4065,"0,32"
4066,"0,16"
4067,"0,32"
4068,"0,5"
4069,"0,68"
4070,"0,52"
4071,"0,72"
4072,"0,68"
4073,"0,5"
4074,"0,72"
4075,"0,46"
4076,"0,64"
4077,"0,7"
4078,"0,82"
4079,"0,56"
4080,"0,16"
4081,"0,28"
4082,"0,52"
4083,"0,76"
4084,"0,26"
4085,"0,82"
4086,"0,64"
4087,"0,24"
4088,"0,24"
4089,"0,62"
4090,"0,38"
4091,"0,62"
4092,"0,24"
4093,"0,16"
4094,"0,5"
4095,"0,46"
4096,"0,84"
4097,"0,28"
4098,"0,36"
4099,"0,68"
4100,"0,34"
4101,"0,46"
4102,"0,3"
4103,"0,34"
4104,"0,84"
4105,"0,38"
4106,"0,44"
4107,"0,42"
4108,"0,82"
4109,"0,2"
4110,"0,2"
4111,"0,86"
4112,"0,64"
4113,"0,22"
4114,"0,46"
4115,"0,6"
4116,"0,52"
4117,"0,7"
4118,"0,32"
4119,"0,08"
4120,"0,32"
4121,"0,12"
4122,"0,1"
4123,"0,36"
4124,"0,16"
4125,"0,74"
4126,"0,88"
4127,"0,54"
4128,"0,36"
4129,"0,74"
4130,"0,42"
4131,"0,44"
4132,"0,48"
4133,"0,86"
4134,"0,76"
4135,"0,24"
4136,"0,48"
4137,"0,2"
4138,"0,58"
4139,"0,46"
4140,"0,76"
4141,"0,22"
4142,"0,62"
4143,"0,42"
4144,"0,7"
4145,"0,6"
4146,"0,42"
4147,"0,82"
4148,"0,84"
4149,"0,56"
4150,"0,44"
4151,"0,78"
4152,"0,36"
4153,"0,58"
4154,"0,38"
4155,"0,34"
4156,"0,54"
4157,"0,22"
4158,"0,54"
4159,"0,68"
4160,"0,82"
4161,"0,32"
4162,"0,38"
4163,"0,34"
4164,"0,36"
4165,"0,72"
4166,"0,48"
4167,"0,72"
4168,"0,1"
4169,"0,34"
4170,"0,62"
4171,"0,52"
4172,"0,22"
4173,"0,78"
4174,"0,22"
4175,"0,36"
4176,"0,4"
4177,"0,54"
4178,"0,38"
4179,"0,18"
4180,"0,22"
4181,"0,86"
4182,"0,22"
4183,"0,48"
4184,"0,66"
4185,"0,42"
4186,"0,4"
4187,"0,42"
4188,"0,6"
4189,"0,4"
4190,"0,84"
4191,"0,48"
4192,"0,04"
4193,"0,16"
4194,"0,5"
4195,"0,62"
4196,"0,4"
4197,"0,6"
4198,"0,54"
4199,"0,66"
4200,"0,68"
4201,"0,8"
4202,"0,26"
4203,"0,56"
4204,"0,82"
4205,"0,32"
4206,"0,54"
4207,"0,3"
4208,"0,56"
4209,"0,48"
4210,"0,34"
4211,"0,54"
4212,"0,14"
4213,"0,32"
4214,"0,28"
4215,"0,4"
4216,"0,14"
4217,"0,2"
4218,"0,26"
4219,"0,36"
4220,"0,38"
4221,"0,2"
4222,"0,44"
4223,"0,3"
4224,"0,2"
4225,"0,38"
4226,"0,5"
4227,"0,34"
4228,"0,54"
4229,"0,68"
4230,"0,34"
4231,"0,92"
4232,"0,5"
4233,"0,66"
4234,"0,74"
4235,"0,74"
4236,"0,68"
4237,"0,3"
4238,"0,22"
4239,"0,26"
4240,"0,26"
4241,"0,48"
4242,"0,52"
4243,"0,9"
4244,"0,58"
4245,"0,34"
4246,"0,3"
4247,"0,44"
4248,"0,46"
4249,"0,5"
4250,"0,58"
4251,"0,76"
4252,"0,68"
4253,"0,36"
4254,"0,5"
4255,"0,84"
4256,"0,82"
4257,"0,84"
4258,"0,86"
4259,"0,22"
4260,"0,32"
4261,"0,66"
4262,"0,14"
4263,"0,32"
4264,"0,74"
4265,"0,28"
4266,"0,34"
4267,"0,64"
4268,"0,64"
4269,"0,54"
4270,"0,56"
4271,"0,1"
4272,"0,72"
4273,"0,82"
4274,"0,8"
4275,"0,64"
4276,"0,76"
4277,"0,4"
4278,"0,52"
4279,"0,3"
4280,"0,3"
4281,"0,16"
4282,"0,42"
4283,"0,36"
4284,"0,3"
4285,"0,76"
4286,"0,44"
4287,"0,62"
4288,"0,32"
4289,"0,5"
4290,"0,26"
4291,"0,28"
4292,"0,3"
4293,"0,64"
4294,"0,6"
4295,"0,74"
4296,"0,28"
4297,"0,42"
4298,"0,8"
4299,"0,36"
4300,"0,6"
4301,"0,16"
4302,"0,32"
4303,"0,32"
4304,"0,36"
4305,"0,68"
4306,"0,5"
4307,"0,5"
4308,"0,5"
4309,"0,68"
4310,"0,88"
4311,"0,86"
4312,"0,4"
4313,"0,82"
4314,"0,36"
4315,"0,08"
4316,"0,48"
4317,"0,18"
4318,"0,3"
4319,"0,14"
4320,"0,58"
4321,"0,68"
4322,"0,1"
4323,"0,4"
4324,"0,46"
4325,"0,3"
4326,"0,72"
4327,"0,38"
4328,"0,4"
4329,"0,52"
4330,"0,56"
4331,"0,4"
4332,"0,28"
4333,"0,34"
4334,"0,56"
4335,"0,42"
4336,"0,14"
4337,"0,88"
4338,"0,52"
4339,"0,24"
4340,"0,68"
4341,"0,76"
4342,"0,62"
4343,"0,18"
4344,"0,64"
4345,"0,36"
4346,"0,4"
4347,"0,48"
4348,"0,68"
4349,"0,18"
4350,"0,12"
4351,"0,32"
4352,"0,48"
4353,"0,46"
4354,"0,1"
4355,"0,7"
4356,"0,78"
4357,"0,34"
4358,"0,54"
4359,"0,1"
4360,"0,52"
4361,"0,26"
4362,"0,4"
4363,"0,64"
4364,"0,82"
4365,"0,44"
4366,"0,68"
4367,"0,88"
4368,"0,64"
4369,"0,7"
4370,"0,38"
4371,"0,44"
4372,"0,36"
4373,"0,72"
4374,"0,6"
4375,"0,4"
4376,"0,86"
4377,"0,2"
4378,"0,58"
4379,"0,46"
4380,"0,64"
4381,"0,52"
4382,"0,74"
4383,"0,72"
4384,"0,86"
4385,"0,54"
4386,"0,7"
4387,"0,66"
4388,"0,76"
4389,"0,44"
4390,"0,5"
4391,"0,46"
4392,"0,72"
4393,"0,42"
4394,"0,92"
4395,"0,66"
4396,"0,26"
4397,"0,58"
4398,"0,52"
4399,"0,32"
4400,"0,18"
4401,"0,26"
4402,"0,46"
4403,"0,58"
4404,"0,6"
4405,"0,46"
4406,"0,68"
4407,"0,28"
4408,"0,56"
4409,"0,66"
4410,"0,62"
4411,"0,6"
4412,"0,64"
4413,"0,84"
4414,"0,24"
4415,"0,46"
4416,"0,1"
4417,"0,44"
4418,"0,3"
4419,"0,72"
4420,"0,76"
4421,"0,6"
4422,"0,62"
4423,"0,12"
4424,"0,44"
4425,"0,18"
4426,"0,4"
4427,"0,44"
4428,"0,58"
4429,"0,46"
4430,"0,36"
4431,"0,42"
4432,"0,62"
4433,"0,38"
4434,"0,7"
4435,"0,4"
4436,"0,62"
4437,"0,54"
4438,"0,76"
4439,"0,26"
4440,"0,26"
4441,"0,14"
4442,"0,36"
4443,"0,6"
4444,"0,36"
4445,"0,9"
4446,"0,5"
4447,"0,74"
4448,"0,48"
4449,"0,54"
4450,"0,54"
4451,"0,9"
4452,"0,18"
4453,"0,36"
4454,"0,18"
4455,"0,3"
4456,"0,44"
4457,"0,44"
4458,"0,32"
4459,"0,32"
4460,"0,7"
4461,"0,66"
4462,"0,2"
4463,"0,32"
4464,"0,44"
4465,"0,26"
4466,"0,2"
4467,"0,18"
4468,"0,48"
4469,"0,06"
4470,"0,7"
4471,"0,82"
4472,"0,6"
4473,"0,76"
4474,"0,18"
4475,"0,82"
4476,"0,62"
4477,"0,28"
4478,"0,76"
4479,"0,42"
4480,"0,24"
4481,"0,64"
4482,"0,2"
4483,"0,86"
4484,"0,3"
4485,"0,24"
4486,"0,12"
4487,"0,66"
4488,"0,3"
4489,"0,2"
4490,"0,58"
4491,"0,36"
4492,"0,8"
4493,"0,14"
4494,"0,66"
4495,"0,72"
4496,"0,3"
4497,"0,28"
4498,"0,52"
4499,"0,62"
4500,"0,58"
4501,"0,44"
4502,"0,4"
4503,"0,6"
4504,"0,4"
4505,"0,2"
4506,"0,8"
4507,"0,64"
4508,"0,58"
4509,"0,1"
4510,"0,24"
4511,"0,72"
4512,"0,5"
4513,"0,26"
4514,"0,58"
4515,"0,52"
4516,"0,8"
4517,"0,42"
4518,"0,12"
4519,"0,22"
4520,"0,58"
4521,"0,26"
4522,"0,12"
4523,"0,84"
4524,"0,76"
4525,"0,7"
4526,"0,86"
4527,"0,54"
4528,"0,32"
4529,"0,4"
4530,"0,44"
4531,"0,32"
4532,"0,82"
4533,"0,68"
4534,"0,54"
4535,"0,24"
4536,"0,52"
4537,"0,86"
4538,"0,66"
4539,"0,76"
4540,"0,28"
4541,"0,6"
4542,"0,16"
4543,"0,68"
4544,"0,78"
4545,"0,58"
4546,"0,14"
4547,"0,32"
4548,"0,86"
4549,"0,34"
4550,"0,84"
4551,"0,46"
4552,"0,56"
4553,"0,6"
4554,"0,76"
4555,"0,72"
4556,"0,28"
4557,"0,8"
4558,"0,68"
4559,"0,36"
4560,"0,5"
4561,"0,34"
4562,"0,7"
4563,"0,5"
4564,"0,26"
4565,"0,24"
4566,"0,3"
4567,"0,52"
4568,"0,66"
4569,"0,92"
4570,"0,16"
4571,"0,28"
4572,"0,38"
4573,"0,5"
4574,"0,88"
4575,"0,42"
4576,"0,4"
4577,"0,86"
4578,"0,74"
4579,"0,74"
4580,"0,8"
4581,"0,94"
4582,"0,74"
4583,"0,08"
4584,"0,18"
4585,"0,4"
4586,"0,46"
4587,"0,82"
4588,"0,72"
4589,"0,18"
4590,"0,22"
4591,"0,12"
4592,"0,12"
4593,"0,7"
4594,"0,34"
4595,"0,86"
4596,"0,3"
4597,"0,44"
4598,"0,48"
4599,"0,34"
4600,"0,48"
4601,"0,76"
4602,"0,24"
4603,"0,78"
4604,"0,44"
4605,"0,62"
4606,"0,1"
4607,"0,44"
4608,"0,62"
4609,"0,44"
4610,"0,28"
4611,"0,32"
4612,"0,6"
4613,"0,64"
4614,"0,84"
4615,"0,56"
4616,"0,3"
4617,"0,22"
4618,"0,22"
4619,"0,6"
4620,"0,54"
4621,"0,1"
4622,"0,06"
4623,"0,12"
4624,"0,68"
4625,"0,42"
4626,"0,36"
4627,"0,44"
4628,"0,28"
4629,"0,34"
4630,"0,46"
4631,"0,3"
4632,"0,46"
4633,"0,22"
4634,"0,34"
4635,"0,24"
4636,"0,74"
4637,"0,4"
4638,"0,62"
4639,"0,66"
4640,"0,28"
4641,"0,24"
4642,"0,44"
4643,"0,74"
4644,"0,72"
4645,"0,34"
4646,"0,24"
4647,"0,82"
4648,"0,7"
4649,"0,84"
4650,"0,08"
4651,"0,62"
4652,"0,38"
4653,"0,5"
4654,"0,3"
4655,"0,24"
4656,"0,22"
4657,"0,42"
4658,"0,78"
4659,"0,64"
4660,"0,22"
4661,"0,54"
4662,"0,24"
4663,"0,3"
4664,"0,56"
4665,"0,68"
4666,"0,78"
4667,"0,8"
4668,"0,84"
4669,"0,32"
4670,"0,76"
4671,"0,36"
4672,"0,62"
4673,"0,42"
4674,"0,32"
4675,"0,6"
4676,"0,24"
4677,"0,42"
4678,"0,82"
4679,"0,52"
4680,"0,66"
4681,"0,78"
4682,"0,5"
4683,"0,24"
4684,"0,54"
4685,"0,52"
4686,"0,34"
4687,"0,22"
4688,"0,46"
4689,"0,48"
4690,"0,5"
4691,"0,4"
4692,"0,28"
4693,"0,54"
4694,"0,58"
4695,"0,06"
4696,"0,86"
4697,"0,14"
4698,"0,12"
4699,"0,56"
4700,"0,9"
4701,"0,4"
4702,"0,42"
4703,"0,72"
4704,"0,74"
4705,"0,38"
4706,"0,28"
4707,"0,48"
4708,"0,46"
4709,"0,4"
4710,"0,52"
4711,"0,86"
4712,"0,36"
4713,"0,74"
4714,"0,6"
4715,"0,34"
4716,"0,68"
4717,"0,32"
4718,"0,28"
4719,"0,26"
4720,"0,62"
4721,"0,44"
4722,"0,72"
4723,"0,18"
4724,"0,08"
4725,"0,86"
4726,"0,38"
4727,"0,3"
4728,"0,7"
4729,"0,22"
4730,"0,1"
4731,"0,14"
4732,"0,72"
4733,"0,3"
4734,"0,16"
4735,"0,36"
4736,"0,6"
4737,"0,82"
4738,"0,26"
4739,"0,32"
4740,"0,46"
4741,"0,34"
4742,"0,26"
4743,"0,22"
4744,"0,42"
4745,"0,66"
4746,"0,7"
4747,"0,78"
4748,"0,2"
4749,"0,64"
4750,"0,74"
4751,"0,52"
4752,"0,18"
4753,"0,44"
4754,"0,78"
4755,"0,34"
4756,"0,8"
4757,"0,48"
4758,"0,74"
4759,"0,48"
4760,"0,4"
4761,"0,86"
4762,"0,76"
4763,"0,88"
4764,"0,14"
4765,"0,16"
4766,"0,7"
4767,"0,86"
4768,"0,14"
4769,"0,66"
4770,"0,58"
4771,"0,12"
4772,"0,46"
4773,"0,62"
4774,"0,68"
4775,"0,76"
4776,"0,16"
4777,"0,24"
4778,"0,66"
4779,"0,8"
4780,"0,62"
4781,"0,54"
4782,"0,48"
4783,"0,36"
4784,"0,68"
4785,"0,58"
4786,"0,2"
4787,"0,36"
4788,"0,24"
4789,"0,58"
4790,"0,5"
4791,"0,48"
4792,"0,24"
4793,"0,68"
4794,"0,26"
4795,"0,8"
4796,"0,44"
4797,"0,44"
4798,"0,26"
4799,"0,88"
4800,"0,44"
4801,"0,18"
4802,"0,5"
4803,"0,6"
4804,"0,26"
4805,"0,32"
4806,"0,16"
4807,"0,6"
4808,"0,82"
4809,"0,32"
4810,"0,28"
4811,"0,6"
4812,"0,74"
4813,"0,76"
4814,"0,54"
4815,"0,36"
4816,"0,56"
4817,"0,62"
4818,"0,18"
4819,"0,38"
4820,"0,36"
4821,"0,6"
4822,"0,64"
4823,"0,34"
4824,"0,44"
4825,"0,42"
4826,"0,2"
4827,"0,26"
4828,"0,38"
4829,"0,48"
4830,"0,46"
4831,"0,74"
4832,"0,82"
4833,"0,82"
4834,"0,36"
4835,"0,58"
4836,"0,2"
4837,"0,24"
4838,"0,74"
4839,"0,16"
4840,"0,3"
4841,"0,46"
4842,"0,36"
4843,"0,12"
4844,"0,62"
4845,"0,54"
4846,"0,28"
4847,"0,3"
4848,"0,24"
4849,"0,5"
4850,"0,62"
4851,"0,46"
4852,"0,18"
4853,"0,42"
4854,"0,16"
4855,"0,48"
4856,"0,76"
4857,"0,66"
4858,"0,22"
4859,"0,38"
4860,"0,12"
4861,"0,38"
4862,"0,26"
4863,"0,46"
4864,"0,56"
4865,"0,26"
4866,"0,4"
4867,"0,32"
4868,"0,44"
4869,"0,46"
4870,"0,84"
4871,"0,52"
4872,"0,58"
4873,"0,62"
4874,"0,04"
4875,"0,24"
4876,"0,12"
4877,"0,52"
4878,"0,84"
4879,"0,46"
4880,"0,44"
4881,"0,5"
4882,"0,5"
4883,"0,24"
4884,"0,62"
4885,"0,4"
4886,"0,28"
4887,"0,52"
4888,"0,28"
4889,"0,72"
4890,"0,32"
4891,"0,78"
4892,"0,82"
4893,"0,58"
4894,"0,12"
4895,"0,2"
4896,"0,68"
4897,"0,42"
4898,"0,5"
4899,"0,2"
4900,"0,1"
4901,"0,42"
4902,"0,24"
4903,"0,66"
4904,"0,58"
4905,"0,38"
4906,"0,3"
4907,"0,34"
4908,"0,28"
4909,"0,38"
4910,"0,66"
4911,"0,48"
4912,"0,64"
4913,"0,5"
4914,"0,68"
4915,"0,46"
4916,"0,48"
4917,"0,66"
4918,"0,3"
4919,"0,18"
4920,"0,78"
4921,"0,2"
4922,"0,3"
4923,"0,64"
4924,"0,5"
4925,"0,42"
4926,"0,72"
4927,"0,6"
4928,"0,44"
4929,"0,64"
4930,"0,62"
4931,"0,62"
4932,"0,36"
4933,"0,52"
4934,"0,24"
4935,"0,5"
4936,"0,38"
4937,"0,74"
4938,"0,86"
4939,"0,12"
4940,"0,58"
4941,"0,42"
4942,"0,64"
4943,"0,7"
4944,"0,22"
4945,"0,12"
4946,"0,2"
4947,"0,64"
4948,"0,7"
4949,"0,82"
4950,"0,76"
4951,"0,18"
4952,"0,24"
4953,"0,5"
4954,"0,74"
4955,"0,78"
4956,"0,88"
4957,"0,7"
4958,"0,86"
4959,"0,48"
4960,"0,82"
4961,"0,38"
4962,"0,44"
4963,"0,24"
4964,"0,46"
4965,"0,24"
4966,"0,2"
4967,"0,18"
4968,"0,14"
4969,"0,44"
4970,"0,24"
4971,"0,62"
4972,"0,48"
4973,"0,32"
4974,"0,2"
4975,"0,5"
4976,"0,36"
4977,"0,7"
4978,"0,68"
4979,"0,3"
4980,"0,2"
4981,"0,24"
4982,"0,5"
4983,"0,8"
4984,"0,66"
4985,"0,76"
4986,"0,38"
4987,"0,58"
4988,"0,32"
4989,"0,38"
4990,"0,52"
4991,"0,54"
4992,"0,5"
4993,"0,18"
4994,"0,68"
4995,"0,36"
4996,"0,34"
4997,"0,76"
4998,"0,62"
4999,"0,2"
